,ALL_NPV_ha,ALL_INC_ha,PEAT_ha
0,6851.956531719912,204.76704632430545,-151.88648810712724
1,6950.947007522367,204.59214146670405,-144.54158868773726
2,6969.30410032499,203.94960127541478,-137.97489721932746
3,6992.934063326353,202.58463148459302,-129.2195019958552
4,7001.063102575073,200.91278697217993,-122.48498497334901
5,6992.855150170867,199.56119340535548,-118.32698338756867
6,6952.989732395824,196.29335362156206,-110.87405832998198
7,6905.867308561531,191.50570703042138,-102.14787578184662
8,6826.714540630169,184.87425178517768,-92.52323993687527
9,6685.858717263297,175.41452155316287,-81.28041831702936
10,6583.481523972694,131.92512016247818,-40.28323634132471
11,6354.955149457467,97.6890959612848,-13.471306254490969
12,6214.895598362921,83.28223005809971,-4.247998902381369
13,5830.95523187377,57.34130448555234,9.022393000624703
14,5604.737131457757,32.08453938601582,19.518431306327244
15,5406.78023939205,21.532055135375565,22.947604488157367
16,5394.154954222862,14.007017890518478,24.77133611458575
17,5394.154954188885,6.24931818867701,26.2067568618138
18,5394.154954203786,1.48532561334832,26.830389257419228
19,5394.154954178274,0.0,26.971308773073673
20,5394.154954178274,0.0,26.971308773073673
21,6851.956547513414,204.7670470077682,-151.8868021054157
22,6950.947007522367,204.59214146670405,-144.54158868773726
23,6969.30410032499,203.94960127541478,-137.97489721932746
24,6992.934063326353,202.58463148459302,-129.2195019958552
25,7001.063102575073,200.91278697217993,-122.48498497334901
26,6992.855150170867,199.56119340535548,-118.32698338756867
27,6952.989732395824,196.29335362156206,-110.87405832998198
28,6905.867308561531,191.50570703042138,-102.14787578184662
29,6826.714540630169,184.87425178517768,-92.52323993687527
30,6685.858717263297,175.41452155316287,-81.28041831702936
31,6583.481523972694,131.92512016247818,-40.28323634132471
32,6354.955149457467,97.6890959612848,-13.471306254490969
33,6214.895598362921,83.28223005809971,-4.247998902381369
34,5830.95523187377,57.34130448555234,9.022393000624703
35,5604.737131457757,32.08453938601582,19.518431306327244
36,5505.403147968248,25.171375593968662,21.856346521527087
37,5505.403147801309,17.578486913473057,23.680138902219625
38,5505.403148131084,7.596800873466284,25.660555775844728
39,5505.403147971496,1.48532561334832,26.454684888026236
40,5505.403148050977,1.0631009175417834e-16,26.588324017695527
41,5505.403147985924,0.0,26.588050623506916
42,6849.175153631124,204.7670470077682,-151.99071214850298
43,6950.947007522367,204.59214146670405,-144.54158868773726
44,6969.30410032499,203.94960127541478,-137.97489721932746
45,6992.934063326353,202.58463148459302,-129.2195019958552
46,7001.063102575073,200.91278697217993,-122.48498497334901
47,6992.855150170867,199.56119340535548,-118.32698338756867
48,6952.989732395824,196.29335362156206,-110.87405832998198
49,6905.867308561531,191.50570703042138,-102.14787578184662
50,6826.714540630169,184.87425178517768,-92.52323993687527
51,6685.858717263297,175.41452155316287,-81.28041831702936
52,6583.481523972694,131.92512016247818,-40.28323634132471
53,6354.955149457467,97.6890959612848,-13.471306254490969
54,6214.895598362921,83.28223005809971,-4.247998902381369
55,5830.95523187377,57.34130448555234,9.022393000624703
56,5616.65134211228,32.60158316468852,19.324361935267888
57,5616.651341879904,29.68906539822227,20.33942392896583
58,5616.65134186139,19.287053964580714,22.81719546019778
59,5616.6513418541035,8.249703073926819,24.92224970668994
60,5616.651341944049,2.223027238005031,25.71145772347677
61,5616.651341831744,0.0,25.8796457780158
62,5616.651341831744,0.0,25.8796457780158
63,6848.96592975739,204.76704695035937,-151.99244364503073
64,6950.947007522367,204.59214146670405,-144.54158868773726
65,6969.30410032499,203.94960127541478,-137.97489721932746
66,6992.934063326353,202.58463148459302,-129.2195019958552
67,7001.063102575073,200.91278697217993,-122.48498497334901
68,6992.855150170867,199.56119340535548,-118.32698338756867
69,6952.989732395824,196.29335362156206,-110.87405832998198
70,6905.867308561531,191.50570703042138,-102.14787578184662
71,6826.714540630169,184.87425178517768,-92.52323993687527
72,6685.858717263297,175.41452155316287,-81.28041831702936
73,6583.481523972694,131.92512016247818,-40.28323634132471
74,6354.955149457467,97.6890959612848,-13.471306254490969
75,6214.895598362921,83.28223005809971,-4.247998902381369
76,5830.95523187377,57.34130448555234,9.022393000624703
77,5727.89953581568,37.37189604737191,17.3271768847423
78,5727.899535666612,32.86938808023923,18.85289871989204
79,5727.899535796593,22.081401063688837,21.382726529774516
80,5727.8995357238555,7.851157777735442,24.007543631627556
81,5727.899535830647,2.223027238005031,24.700628276846686
82,5727.899535735166,0.0,24.83633305149644
83,5727.899535735166,0.0,24.83633305149644
84,6850.03705448346,204.7670470077682,-151.96088180481414
85,6950.947007522367,204.59214146670405,-144.54158868773726
86,6969.30410032499,203.94960127541478,-137.97489721932746
87,6992.934063326353,202.58463148459302,-129.2195019958552
88,7001.063102575073,200.91278697217993,-122.48498497334901
89,6992.855150170867,199.56119340535548,-118.32698338756867
90,6952.989732395824,196.29335362156206,-110.87405832998198
91,6905.867308561531,191.50570703042138,-102.14787578184662
92,6826.714540630169,184.87425178517768,-92.52323993687527
93,6685.858717263297,175.41452155316287,-81.28041831702936
94,6583.481523972694,131.92512016247818,-40.28323634132471
95,6354.955149457467,97.6890959612848,-13.471306254490969
96,6214.895598362921,83.28223005809971,-4.247998902381369
97,5839.1477295550585,58.64824008427707,8.40783324179634
98,5839.147729426373,44.23199747827219,14.310677042029539
99,5839.147729626113,36.314570175419746,16.985444274709863
100,5839.1477299413,27.096499143385447,19.24766980251178
101,5839.147729779872,9.8101724652933,22.45220409271343
102,5839.147729562775,2.8412961863460353,23.28954973811426
103,5839.147729576681,0.0,23.474617352371354
104,5839.147729576681,0.0,23.474617352371354
105,6849.417888603227,204.76702327546826,-152.04972489165374
106,6950.947007522367,204.59214146670405,-144.54158868773726
107,6969.30410032499,203.94960127541478,-137.97489721932746
108,6992.934063326353,202.58463148459302,-129.2195019958552
109,7001.063102575073,200.91278697217993,-122.48498497334901
110,6992.855150170867,199.56119340535548,-118.32698338756867
111,6952.989732395824,196.29335362156206,-110.87405832998198
112,6905.867308561531,191.50570703042138,-102.14787578184662
113,6826.714540630169,184.87425178517768,-92.52323993687527
114,6685.858717263297,175.41452155316287,-81.28041831702936
115,6583.481523972694,131.92512016247818,-40.28323634132471
116,6354.955149457467,97.6890959612848,-13.471306254490969
117,6214.895598362921,83.28223005809971,-4.247998902381369
118,5950.395923541119,63.20755118320917,6.197279215638758
119,5950.395923385776,50.82319386313813,11.232754638279175
120,5950.395922841941,38.96581279294444,15.285175438708592
121,5950.3959235638185,31.66201611209451,17.122121117585692
122,5950.395922164118,14.43411485174685,20.376382772979525
123,5950.395923438517,2.8412961863460353,21.75750945949477
124,5950.395924023022,0.0,21.94153412555096
125,5950.395924023022,0.0,21.94153412555096
126,6851.641020524154,204.76704688325617,-151.88232927523316
127,6950.947007522367,204.59214146670405,-144.54158868773726
128,6969.30410032499,203.94960127541478,-137.97489721932746
129,6992.934063326353,202.58463148459302,-129.2195019958552
130,7001.063102575073,200.91278697217993,-122.48498497334901
131,6992.855150170867,199.56119340535548,-118.32698338756867
132,6952.989732395824,196.29335362156206,-110.87405832998198
133,6905.867308561531,191.50570703042138,-102.14787578184662
134,6826.714540630169,184.87425178517768,-92.52323993687527
135,6685.858717263297,175.41452155316287,-81.28041831702936
136,6583.481523972694,131.92512016247818,-40.28323634132471
137,6354.955149457467,97.6890959612848,-13.471306254490969
138,6214.895598362921,83.28223005809971,-4.247998902381369
139,6061.644117639194,68.01260823471631,3.7522846099060985
140,6061.6441172381055,55.019525244021885,9.009432090943193
141,6061.644117371294,41.193410451430026,13.690720279404076
142,6061.644118595363,35.87604570133038,15.03183015727771
143,6061.644117122987,17.52777050244802,18.511480006890906
144,6061.644117384017,2.8412961863460353,20.21784452072677
145,6061.6441168977435,0.0,20.401848935361556
146,6061.6441168977435,1.0631009175417834e-16,20.401848935361556
147,6851.136706388682,204.7670470077682,-151.91645018631218
148,6950.947007522367,204.59214146670405,-144.54158868773726
149,6969.30410032499,203.94960127541478,-137.97489721932746
150,6992.934063326353,202.58463148459302,-129.2195019958552
151,7001.063102575073,200.91278697217993,-122.48498497334901
152,6992.855150170867,199.56119340535548,-118.32698338756867
153,6952.989732395824,196.29335362156206,-110.87405832998198
154,6905.867308561531,191.50570703042138,-102.14787578184662
155,6826.714540630169,184.87425178517768,-92.52323993687527
156,6685.858717263297,175.41452155316287,-81.28041831702936
157,6583.481523972694,131.92512016247818,-40.28323634132471
158,6354.955149457467,97.6890959612848,-13.471306254490969
159,6214.895598362921,83.28223005809971,-4.247998902381369
160,6172.892310964591,73.34594440208521,1.027354606474006
161,6172.892311108908,59.396895166324086,6.677187273729004
162,6172.892311211145,44.00185656830494,11.85207348113127
163,6172.892311096051,37.77470170451128,13.42622659050491
164,6172.892311130335,23.34323381366171,16.199608119582365
165,6172.892311111257,5.266518433214341,18.38983984438775
166,6172.892311309536,0.0,18.787911908692024
167,6172.892311309536,1.0631009175417834e-16,18.787911908692024
168,6849.871955782606,204.76704622369274,-151.99674970475823
169,6950.947007522367,204.59214146670405,-144.54158868773726
170,6969.30410032499,203.94960127541478,-137.97489721932746
171,6992.934063326353,202.58463148459302,-129.2195019958552
172,7001.063102575073,200.91278697217993,-122.48498497334901
173,6992.855150170867,199.56119340535548,-118.32698338756867
174,6952.989732395824,196.29335362156206,-110.87405832998198
175,6905.867308561531,191.50570703042138,-102.14787578184662
176,6826.714540630169,184.87425178517768,-92.52323993687527
177,6685.858717263297,175.41452155316287,-81.28041831702936
178,6583.481523972694,131.92512016247818,-40.28323634132471
179,6354.955149457467,97.6890959612848,-13.471306254490969
180,6284.1405054676,85.91558019536292,-5.818648515856779
181,6284.140505030041,77.80642012816672,-1.5688877398155512
182,6284.140505136175,64.17966405019935,3.94201005107999
183,6284.140505322999,48.91961405419091,9.184941034310185
184,6284.14050499782,40.20057781717781,11.475579306304525
185,6284.14050491396,26.795736041952175,13.92255855133223
186,6284.140505038987,7.574746445473383,16.130945675402387
187,6284.140505008727,0.45735289755464037,16.69102911072565
188,6284.1405050120575,0.0,16.71162480626643
189,6852.264545868271,204.76701925500808,-151.88233200917506
190,6950.947007522367,204.59214146670405,-144.54158868773726
191,6969.30410032499,203.94960127541478,-137.97489721932746
192,6992.934063326353,202.58463148459302,-129.2195019958552
193,7001.063102575073,200.91278697217993,-122.48498497334901
194,6992.855150170867,199.56119340535548,-118.32698338756867
195,6952.989732395824,196.29335362156206,-110.87405832998198
196,6905.867308561531,191.50570703042138,-102.14787578184662
197,6826.714540630169,184.87425178517768,-92.52323993687527
198,6685.858717263297,175.41452155316287,-81.28041831702936
199,6583.481523972694,131.92512016247818,-40.28323634132471
200,6395.388698830258,99.77901373151418,-14.990334994875468
201,6395.388698836137,88.65811441260117,-7.65874329075811
202,6395.388698723348,84.76578400629252,-5.697767781655244
203,6395.388698733874,69.5997845716296,0.6676387342584746
204,6395.388698973892,54.630536697709864,5.885873109118961
205,6395.388698965674,42.526040939228785,9.0208437668893
206,6395.388698846244,33.29029684356428,10.6360060045522
207,6395.388698880934,11.666214257532504,13.094761451110827
208,6395.388698922916,2.09028801491263,13.823691112167893
209,6395.388698895289,0.0,13.88298727396085
210,6852.839060487406,204.7670470077682,-151.8982644099153
211,6950.947007522367,204.59214146670405,-144.54158868773726
212,6969.30410032499,203.94960127541478,-137.97489721932746
213,6992.934063326353,202.58463148459302,-129.2195019958552
214,7001.063102575073,200.91278697217993,-122.48498497334901
215,6992.855150170867,199.56119340535548,-118.32698338756867
216,6952.989732395824,196.29335362156206,-110.87405832998198
217,6905.867308561531,191.50570703042138,-102.14787578184662
218,6826.714540630169,184.87425178517768,-92.52323993687527
219,6685.858717263297,175.41452155316287,-81.28041831702936
220,6583.481523972694,131.92512016247818,-40.28323634132471
221,6506.636893129904,106.85549120254528,-20.240921015386306
222,6506.636892681766,93.13130886564838,-11.053934587516977
223,6506.636892543273,89.07807701032043,-8.964534689749541
224,6506.636892578161,73.54917575398329,-2.3676544274925106
225,6506.636892769437,58.8868982483919,2.6222249199167322
226,6506.6368926924,46.59992037559737,5.711315982556698
227,6506.6368926600635,42.96201866700951,6.396148173564541
228,6506.636892770748,16.53386079141079,9.392862377591626
229,6506.636892731347,4.893999390470708,10.379187604355081
230,6506.6368927751055,0.5914202534891776,10.509616883736015
231,6850.291193366641,204.7670470077682,-151.93972919518546
232,6950.947007522367,204.59214146670405,-144.54158868773726
233,6969.30410032499,203.94960127541478,-137.97489721932746
234,6992.934063326353,202.58463148459302,-129.2195019958552
235,7001.063102575073,200.91278697217993,-122.48498497334901
236,6992.855150170867,199.56119340535548,-118.32698338756867
237,6952.989732395824,196.29335362156206,-110.87405832998198
238,6905.867308561531,191.50570703042138,-102.14787578184662
239,6826.714540630169,184.87425178517768,-92.52323993687527
240,6685.858717263297,175.41452155316287,-81.28041831702936
241,6617.885086587216,132.55369653373418,-40.847309306659284
242,6617.885086244485,111.47526199327822,-23.979181515988557
243,6617.8850866421935,97.55471703651205,-14.715097926935584
244,6617.8850864105925,93.41881055989555,-12.592597080926879
245,6617.885086738432,78.1322531581444,-6.16999042533277
246,6617.885086754448,64.05630155111973,-1.5697484252241338
247,6617.885086640743,49.6708840012583,1.9659371073403236
248,6617.88508669491,48.75464846595246,2.15533852577218
249,6617.885086649485,18.55605608381344,5.472268204618217
250,6617.885086608932,6.560748520333215,6.461064104789699
251,6617.885086586456,0.5914202534891776,6.570006626089281
252,6852.264650428306,204.76704688325617,-151.85597205031053
253,6950.947007522367,204.59214146670405,-144.54158868773726
254,6969.30410032499,203.94960127541478,-137.97489721932746
255,6992.934063326353,202.58463148459302,-129.2195019958552
256,7001.063102575073,200.91278697217993,-122.48498497334901
257,6992.855150170867,199.56119340535548,-118.32698338756867
258,6952.989732395824,196.29335362156206,-110.87405832998198
259,6905.867308561531,191.50570703042138,-102.14787578184662
260,6826.714540630169,184.87425178517768,-92.52323993687527
261,6729.133280612336,176.69616185051424,-82.70645658073327
262,6729.13328033901,135.85225440162262,-44.017041529223945
263,6729.133280578257,116.26693857261947,-28.119655496566764
264,6729.133279661576,103.41868994055513,-19.614392666523912
265,6729.133280623836,97.55295037168989,-16.535153920384033
266,6729.133280305079,85.5320777971233,-11.541497682887893
267,6729.133280310175,71.80711751556314,-6.923839460394703
268,6729.133280558959,59.01803213812765,-3.7109818360069653
269,6729.13328038608,55.351134149859504,-3.005888097911054
270,6729.133280466951,20.43505625957846,0.9127315614780969
271,6729.1332804967315,11.209660871277897,1.6604342901520113
272,6729.133280474498,5.887587984166324,1.7464522024523603
273,6848.741593636567,204.7670470077682,-151.89460902835668
274,6950.947007522367,204.59214146670405,-144.54158868773726
275,6969.30410032499,203.94960127541478,-137.97489721932746
276,6992.934063326353,202.58463148459302,-129.2195019958552
277,7001.063102575073,200.91278697217993,-122.48498497334901
278,6992.855150170867,199.56119340535548,-118.32698338756867
279,6952.989732395824,196.29335362156206,-110.87405832998198
280,6905.867308561531,191.50570703042138,-102.14787578184662
281,6840.381474325149,185.6206864482694,-93.52187195240974
282,6840.381474612387,177.62410428157395,-84.51981137884792
283,6840.381474262901,137.01316785672114,-45.64746321289465
284,6840.381474209569,119.680193951551,-31.521752528015355
285,6840.381474161548,110.71324806761696,-25.731628139168635
286,6840.381474223054,102.2077660335356,-21.22437054031414
287,6840.381474397519,91.96401198929117,-16.99865832715861
288,6840.381474376084,78.87469714126664,-12.524947207815728
289,6840.381474458128,73.29495959187095,-11.043667116878709
290,6840.381474356836,66.72145731026202,-9.739941362867711
291,6840.381474293583,27.003309262560077,-5.096006921137359
292,6840.381474276178,19.1032719850291,-4.505323588112901
293,6840.381474424139,11.209660871277897,-4.233144484801045
294,6951.629668210357,204.71706539528464,-147.5937735600591
295,6951.629668332583,204.59439671693352,-144.57987501242224
296,6969.30410032499,203.94960127541478,-137.97489721932746
297,6992.934063326353,202.58463148459302,-129.2195019958552
298,7001.063102575073,200.91278697217993,-122.48498497334901
299,6992.855150170867,199.56119340535548,-118.32698338756867
300,6952.989732395824,196.29335362156206,-110.87405832998198
301,6951.629668173125,193.4259364120876,-105.56788114521922
302,6951.629668751839,191.48647593887614,-102.81086884004112
303,6951.629667728089,173.15042926700767,-81.31593120955672
304,6951.629668308827,138.77892800922498,-48.18661680232145
305,6951.629668633215,122.9921501774977,-35.501207457222094
306,6951.629668163144,119.52494554909869,-33.206225255342304
307,6951.629668299637,110.09830877124915,-28.433360139412912
308,6951.629668010164,98.22001319184577,-23.49342079712025
309,6951.629668185707,85.09716067949275,-19.135922459351463
310,6951.629668221448,81.36662044445374,-18.155824544661556
311,6951.629668207835,80.3880399157819,-17.981804080765784
312,6951.6296682014045,38.412416532174795,-13.125067703202063
313,6951.629668170024,28.241887710368815,-12.326108627022023
314,6951.6296682020175,12.38694250884615,-12.013173538188227
315,7062.877862222126,201.23003962584895,-133.61886609703745
316,7062.87786151929,201.1761841498204,-131.5492781648035
317,7062.877861999716,200.9174272747265,-128.97177648385656
318,7062.877862052446,200.55559091558658,-126.70086309628374
319,7062.877862005836,200.08419809846671,-124.66383438676922
320,7062.877861976355,198.70659767615507,-120.5979706928295
321,7062.877861906569,196.69841073673592,-116.12679403887202
322,7062.877861982158,193.10331513494114,-109.66030052801109
323,7062.877862074872,183.66549367446328,-96.33636791716754
324,7062.877861975953,166.3695952646974,-76.2177047326364
325,7062.877862550814,141.27254407633808,-52.11591908648711
326,7062.877862196993,130.5433163823352,-43.67138014344431
327,7062.877862082408,127.57795278451775,-41.71983167099262
328,7062.877862054822,120.13189159527712,-37.906154877181024
329,7062.877862307422,108.01768245374777,-32.80639131737816
330,7062.877861929961,98.78018014003614,-29.732509072192613
331,7062.877861842394,96.83382002645152,-29.25233774562446
332,7062.877862484715,94.26087031850963,-28.76372157634195
333,7062.877861612188,62.47704477864501,-24.799212196111725
334,7062.877862009935,48.33740621085063,-23.83204481397125
335,7062.877861980796,37.44312037294152,-23.697048839069723
336,7174.126055799056,191.01431435192114,-119.67348318124186
337,7174.12605593226,190.9882378554508,-118.95436837155533
338,7174.126056003366,190.79160355241518,-116.99905718501172
339,7174.126056034156,190.74524355479997,-116.71093109993629
340,7174.126055840922,190.5426265017745,-115.89444644369627
341,7174.126055946066,189.49604965705575,-112.83777486896827
342,7174.126056020367,187.72256183476895,-108.80666058897002
343,7174.126056212958,185.0305915730182,-103.97526582754682
344,7174.126055945203,176.02605762515793,-91.19303139912908
345,7174.126055826901,163.2939776302356,-76.14624151687997
346,7174.126055937111,147.2623002829752,-60.83121649563219
347,7174.126055829603,140.90696324133643,-55.77010074838584
348,7174.126055892834,137.62333608661592,-53.71399823764712
349,7174.126055943534,127.75543703067454,-48.60415048256938
350,7174.126055691909,120.1055268211587,-45.38019507926683
351,7174.1260559414495,117.14156653895805,-44.38078743429358
352,7174.126055922969,113.19216230294067,-43.402390638999364
353,7174.126056034366,105.34454085975862,-41.905122050884856
354,7174.126055819678,84.99391509618589,-39.26727315937549
355,7174.126055855334,74.18034100758543,-38.44558186269937
356,7174.126055922027,37.82463362525536,-37.85548582089483
357,7285.374249557221,164.8821632425333,-96.87018930924859
358,7285.374249863001,164.8715158584551,-96.03382484521347
359,7285.374249767757,164.78768983267514,-95.21169105498029
360,7285.374249749346,164.66472686398126,-94.49949514340734
361,7285.374249862031,164.32243928418177,-93.08478248710873
362,7285.374249649525,163.314976404468,-90.0891011055719
363,7285.374249799122,161.7492157711582,-86.63251154948107
364,7285.374249569845,160.61920941115437,-84.64540056851969
365,7285.374249916901,160.28482034159336,-84.1781719253538
366,7285.37424979439,158.10249293265483,-81.63563634855701
367,7285.374249726534,156.8972005068666,-80.45909255850913
368,7285.374250038765,152.6312662438396,-77.10467749869355
369,7285.374249744953,144.42413019610822,-71.83084487158361
370,7285.374249755989,142.090138560956,-70.56800369962033
371,7285.374249672978,134.97149510144868,-67.6554290885609
372,7285.374249428148,122.49865404896475,-63.441912281358796
373,7285.374249826184,117.1512489182409,-62.138344488434555
374,7285.3742497355925,106.61123445352045,-60.18695701478282
375,7285.374249763364,103.68326611239166,-59.7997690768978
376,7285.374249771658,81.40680389915237,-58.19166142187174
377,7285.374249767872,63.894047673659934,-57.93628188516348
0,7372.196926977749,66.49800943415434,-95.50114057044274
1,7369.860742756993,71.09093921309561,-87.47641359255283
2,7366.004754528873,71.09093921309555,-83.55287790062434
3,7361.104172097801,69.73660977682853,-80.93220930244046
4,7337.595340339476,69.1618451445279,-71.69138345826836
5,7292.716699825984,64.99320154345337,-59.63837942451511
6,7239.006767011444,49.19220321372625,-48.34822010719962
7,7189.57652998761,40.58247623367071,-40.04586943136056
8,7072.191733171524,37.44312037293421,-24.80968218096382
9,6976.1028087758405,13.355254693251979,-14.329409606803608
10,6941.191893234206,12.101085702082282,-11.120865535169202
11,6878.5273684779595,11.875092355332114,-6.559698652608205
12,6801.727591472858,11.209660871261267,-2.0428317543101855
13,6676.279074580526,3.6590604937247946,4.195800863781187
14,6522.016633121041,0.5914202534574394,9.985874624074512
15,6360.514924678036,-3.8034575789322525e-12,14.848119388252854
16,6259.078410460312,-2.70929689264104e-12,17.235205054556985
17,6133.197031154297,-5.4579516269870905e-12,19.403443735746492
18,5654.972770193315,-1.2077073312989825e-11,25.55813421222871
19,5487.329224295538,-7.190039466868889e-12,26.667507075281065
20,5190.525635976414,-1.2477474507182363e-12,27.303239695159476
21,7372.1969269772035,66.49800943408783,-95.50114057044274
22,7369.7495736427545,71.09093921304375,-87.30789442727425
23,7366.004754528322,71.09093921304375,-83.55287790062434
24,7361.104172097258,69.73660977675895,-80.93220930244046
25,7337.595340338969,69.16184514455408,-71.69138345826836
26,7292.716699825488,64.99320154348551,-59.63837942451511
27,7238.901350262977,49.19220321372832,-48.32854078847619
28,7190.218716842806,40.58247623367735,-40.1415675230793
29,7072.191733171062,37.44312037294049,-24.80968218096382
30,6976.102808775424,13.355254693272538,-14.329409606803608
31,6941.1918932338185,12.10108570210487,-11.120865535169202
32,6878.527368477619,11.87509235535205,-6.559698652608205
33,6801.72759147252,11.209660871277274,-2.0428317543101855
34,6702.523556159176,10.238352340136368,2.904671493866971
35,6571.810225869345,10.23835234084414,7.837573467230953
36,6393.179083986695,10.23835234494775,13.288284033792962
37,6279.2859624899575,10.2383523538141,15.963699311957413
38,6145.128285907452,10.238352341110518,18.251775779147522
39,5693.503164250878,10.238352337130856,23.963000630308017
40,5515.985212276752,10.238352344410742,25.167048888299547
41,5248.74011424635,10.238352346861424,25.740447633178462
42,7372.1969269772035,66.49800943408783,-95.50114057044274
43,7369.7495736427545,71.09093921304375,-87.30789442727425
44,7366.004754528322,71.09093921304375,-83.55287790062434
45,7361.104172097258,69.73660977675895,-80.93220930244046
46,7337.595340338969,69.16184514455408,-71.69138345826836
47,7292.716699825488,64.99320154348551,-59.63837942451511
48,7238.901350262977,49.19220321372832,-48.32854078847619
49,7190.218716842806,40.58247623367735,-40.1415675230793
50,7072.191733171062,37.44312037294049,-24.80968218096382
51,6985.831423359925,20.476704679759784,-15.290359802581207
52,6949.777568274287,20.476704698405534,-11.925677272127302
53,6898.098882908489,20.47670469781845,-8.064055238204787
54,6827.992220446328,20.476704697273522,-3.896798752854977
55,6708.324030873192,20.476704700478262,1.816066463437096
56,6579.126488285082,20.47670468538804,6.642820611651615
57,6413.378936919746,20.476704632891476,11.682386821410262
58,6291.274307385586,20.47670463645357,14.576092170601328
59,6173.86382345375,20.476704641151528,16.568528262813942
60,5739.423932374424,20.476704689422654,21.621430033549586
61,5557.057996329389,20.476704703351015,22.85088369965905
62,5382.178364846236,20.47670468033577,23.24553327375054
63,7372.1969269772035,66.49800943408783,-95.50114057044274
64,7369.7495736427545,71.09093921304375,-87.30789442727425
65,7366.004754528322,71.09093921304375,-83.55287790062434
66,7361.104172097258,69.73660977675895,-80.93220930244046
67,7337.595340338969,69.16184514455408,-71.69138345826836
68,7292.716699825488,64.99320154348551,-59.63837942451511
69,7238.901350262977,49.19220321372832,-48.32854078847619
70,7190.218716842806,40.58247623367735,-40.1415675230793
71,7072.191733171062,37.44312037294049,-24.80968218096382
72,6992.604670202626,30.7150570610456,-16.00230864681336
73,6967.295621052881,30.715057042471045,-13.674883667886974
74,6904.533182755653,30.715057051340413,-9.149946578170074
75,6847.51811825855,30.715057049386807,-5.837775983347711
76,6714.474676256566,30.71505705015619,0.4813459090080414
77,6581.08581364903,30.71505703063958,5.4870213650916355
78,6433.602521578633,30.715057048725544,9.983920361911572
79,6332.40244509472,30.715056986040562,12.382984743960378
80,6222.313793112528,30.715056981436717,14.229266328092507
81,5786.290633691952,30.715057048052625,18.92978324115117
82,5641.476699767584,30.715057043847377,19.953209071878007
83,5603.624720865307,30.71505703374609,20.020332408033283
84,7372.1969269772035,66.49800943408783,-95.50114057044274
85,7369.7495736427545,71.09093921304375,-87.30789442727425
86,7366.004754528322,71.09093921304375,-83.55287790062434
87,7361.104172097258,69.73660977675895,-80.93220930244046
88,7337.595340338969,69.16184514455408,-71.69138345826836
89,7292.716699825488,64.99320154348551,-59.63837942451511
90,7238.901350262977,49.19220321372832,-48.32854078847619
91,7190.674642120898,40.95340939622366,-40.209997075913435
92,7071.189906614249,40.95340936069345,-24.716252248439332
93,7015.037591999159,40.95340938944475,-18.41285558478316
94,6991.8429971211635,40.953409400609914,-16.374398137490488
95,6910.761251745803,40.95340937214742,-10.580051327286554
96,6866.22888007671,40.95340939196049,-7.933899353012407
97,6714.765257934255,40.95340940407552,-0.6593761543364849
98,6581.478660628837,40.95340940213509,4.337125407863169
99,6492.5358891332535,40.95340937361965,7.082580226861211
100,6371.950844183113,40.95340938627185,9.801738575200773
101,6292.568935714068,40.95340936852607,11.18827239122379
102,6074.977056627036,40.95340938841676,13.640405622992006
103,5785.440666138081,40.95340938888612,15.784312221396647
104,5646.039267697238,40.95340939460754,16.081663841480548
105,7372.1969269772035,66.49800943408783,-95.50114057044274
106,7369.7495736427545,71.09093921304375,-87.30789442727425
107,7366.004754528322,71.09093921304375,-83.55287790062434
108,7361.104172097258,69.73660977675895,-80.93220930244046
109,7337.595340338969,69.16184514455408,-71.69138345826836
110,7292.716699825488,64.99320154348551,-59.63837942451511
111,7241.419956243699,51.19176175579596,-48.80451602053493
112,7198.254984343972,51.191761751003355,-41.44200242111647
113,7086.650575487777,51.19176163556113,-26.736513793624425
114,7039.714250635973,51.191761731371805,-21.45847697143654
115,6999.115806648695,51.19176169503411,-17.90241850896649
116,6920.370246664955,51.19176166967952,-12.298870465269488
117,6866.614637653832,51.19176175632742,-9.082073939423822
118,6716.065471752878,51.19176174244555,-1.9056182487677802
119,6665.668847443623,51.19176174646581,0.15760668686937152
120,6569.231462929927,51.191761690570424,3.0384928863285836
121,6456.475950646936,51.19176172996034,5.741439971855556
122,6338.526241951338,51.19176168968036,7.807530483617654
123,6201.968912171347,51.19176171377117,9.341059241708308
124,5840.547115313225,51.191761725397285,11.646865828314333
125,5749.381569294018,51.19176173383019,11.816613242299468
126,7372.1969269772035,66.49800943408783,-95.50114057044274
127,7369.7495736427545,71.09093921304375,-87.30789442727425
128,7366.004754528322,71.09093921304375,-83.55287790062434
129,7361.104172097258,69.73660977675895,-80.93220930244046
130,7337.595340338969,69.16184514455408,-71.69138345826836
131,7292.716699825488,64.99320154348551,-59.63837942451511
132,7244.036656527654,61.430114107641906,-49.42703155025143
133,7195.459254456116,61.430114100681564,-41.188485002603855
134,7125.395643185804,61.4301141090214,-31.73734915999887
135,7046.915087480649,61.430114015264024,-23.081456257751086
136,7010.498424769038,61.43011409744915,-19.883604936603973
137,6942.392775214407,61.430114089367756,-14.917753900658965
138,6871.398003865252,61.4301141013359,-10.606469306473315
139,6781.66133510182,61.430114097423,-6.212467781671791
140,6718.485926441368,61.43011408335406,-3.8885361729330157
141,6599.026095565015,61.430114082317594,-0.3052800515531544
142,6501.762397237303,61.43011405704669,1.9259000472772527
143,6402.808181649224,61.430114085903064,3.529093694906095
144,6228.721654851996,61.430114106625595,5.483720383407103
145,5994.922299858022,61.43011408331833,6.823726558815679
146,5885.0353002300235,61.43011406323712,7.087956979236878
147,7372.170797880589,71.66846642895277,-95.12892147066884
148,7369.7570927046145,71.66846644915871,-87.32054143992443
149,7366.012273590182,71.66846644915825,-83.56552491327452
150,7360.723769470123,71.66846646763248,-80.7763057601089
151,7337.569286559119,71.66846644973243,-71.69825780325493
152,7293.926778264138,71.66846644881706,-59.9582465748864
153,7245.51352163454,71.66846643949468,-49.92276508157701
154,7194.711177486462,71.6684664528026,-41.29264818845837
155,7146.936309210272,71.66846641563411,-34.860341102024506
156,7064.062431601727,71.66846645378355,-25.918022221525945
157,7024.304826354258,71.66846644998624,-22.242733515696614
158,6942.234862667132,71.66846642986468,-16.19767410884083
159,6890.185640099784,71.66846644399386,-13.04261404106407
160,6851.613136622245,71.66846644181511,-11.158320539006638
161,6796.002600239367,71.66846642133795,-9.019790692977722
162,6681.57466607126,71.6684664240074,-5.54133567722576
163,6567.884938564266,71.66846643361808,-2.7669213256580747
164,6459.638944453161,71.66846641161719,-0.9519889418181151
165,6291.528983862257,71.66846643463747,0.9933524699813745
166,6177.1235617881875,71.66846641031908,1.7620761740450348
167,6089.931931324954,71.66846636863662,1.940177299348278
168,7371.777879887163,81.90681880635674,-95.31145866982483
169,7369.322282501194,81.90681878795891,-87.44978398601263
170,7365.596470108029,81.90681878917808,-83.74989182835196
171,7361.405475176013,81.90681879141708,-81.47631942915231
172,7337.070104107328,81.90681882224615,-72.00196431936708
173,7288.49641469861,81.90681878023506,-58.943254448592214
174,7242.57806587662,81.90681879203629,-49.7013502162318
175,7203.281645475173,81.90681877545981,-42.948991691492125
176,7167.266907499203,81.9068187723836,-38.1508629273945
177,7092.46360657598,81.90681876784723,-29.90460565105751
178,7018.8108809887935,81.90681880276064,-23.101039382223007
179,6960.726774550868,81.9068187826278,-18.828627391371242
180,6948.061084812393,81.90681877136784,-18.085582489614126
181,6903.979630875244,81.90681880561445,-15.938587549449437
182,6828.960048752267,81.90681875609077,-13.062531313988757
183,6770.040238846169,81.9068187889046,-11.289661132349607
184,6613.969344329516,81.90681878716605,-7.535999425789868
185,6519.7658070239195,81.90681879698593,-5.954626684695114
186,6356.491704847329,81.9068187168494,-4.021638639935787
187,6288.5443714926205,81.90681871802255,-3.6010672464812785
188,6203.060387364599,81.90681875946773,-3.463479089643414
189,7369.427446981854,92.14517115043225,-95.37069914020896
190,7366.779654113029,92.14517115018671,-87.43134607941963
191,7362.900523797473,92.14517115140232,-83.72713328100807
192,7357.9040862926395,92.14517113988018,-80.94499301218491
193,7333.468774316675,92.1451710963606,-71.5801282246475
194,7290.913094132214,92.14517114192623,-60.1481482034263
195,7242.930311795049,92.14517115610346,-50.22947792119261
196,7210.660489561916,92.14517113814627,-44.83356871344883
197,7162.49484916366,92.14517112598345,-38.6835765667262
198,7112.333858077178,92.14517112243573,-33.157702849722114
199,7037.333308950084,92.14517104690543,-26.17171177712025
200,7026.59715037712,92.1451711359229,-25.41757922215902
201,6993.635482147693,92.14517114264154,-23.538216941206997
202,6920.799537525924,92.14517110408485,-19.940531682095752
203,6874.605239650748,92.14517112766714,-18.179397199144773
204,6801.709076336513,92.14517113517782,-15.935559961953516
205,6686.128416662665,92.14517110011265,-13.229494157534475
206,6574.801537182401,92.14517110493028,-11.314803271989632
207,6501.693956914418,92.14517109623763,-10.448184196987796
208,6409.3512338867295,92.14517111339944,-9.858412177925317
209,6321.812660728305,92.14517110296222,-9.680118664118964
210,7365.069143491179,102.38352345933531,-93.53589504914248
211,7362.853943903074,102.38352350183328,-87.93012238680717
212,7358.868149671058,102.38352347433985,-84.1158137486486
213,7350.378305794576,102.38352348860344,-79.49678247978603
214,7327.830976316872,102.38352348711632,-70.87244838004172
215,7285.216575405452,102.38352347705562,-59.64325090392745
216,7262.482423514723,102.38352346420047,-54.748386162765456
217,7217.7783448950195,102.38352349288611,-47.19167459576191
218,7169.768362983512,102.38352345370603,-40.951391486828285
219,7112.496134374749,102.38352349582208,-34.70045613025016
220,7088.499261159372,102.38352348668361,-32.5664423511884
221,7077.35872309567,102.38352344798729,-31.756213359011852
222,7021.707784760525,102.38352347827436,-28.52712422039015
223,6947.9566971741515,102.38352343051514,-24.937782546886382
224,6896.322029297444,102.38352346851522,-22.908063587918036
225,6864.579541373695,102.38352348012783,-21.94016715460799
226,6772.605379376112,102.38352349452926,-19.807641855017465
227,6694.389724417935,102.38352340472359,-18.479108109819208
228,6650.414834689151,102.3835234595383,-18.032513639894717
229,6525.92735075932,102.38352342691596,-17.170390380438704
230,6389.6759734627785,102.38352345723023,-16.874486736983272
231,7358.382493110586,112.62187585082789,-94.32332195341917
232,7356.516020175125,112.62187579828095,-89.67447249172055
233,7351.336477290113,112.62187582934716,-84.5952448857654
234,7341.443930972489,112.621875827866,-78.9251739605569
235,7318.58493539874,112.62187584213976,-70.27578885256877
236,7276.81077946942,112.62187581848627,-59.06609957066735
237,7267.862555727297,112.62187582575432,-57.17055539146371
238,7227.051956697436,112.62187582288126,-50.538337411474245
239,7166.777609771209,112.62187577083247,-42.3777902258327
240,7153.761551328861,112.62187585155388,-40.99954936686369
241,7133.7716695568515,112.62187580994383,-39.22165683272293
242,7100.824912988573,112.62187582584468,-36.83867207924776
243,7064.415486457416,112.62187583635504,-34.70004097611192
244,6996.487529581682,112.6218758289957,-31.40474994100758
245,6946.273488535892,112.62187583242313,-29.47032404533047
246,6903.834529521026,112.62187583062477,-28.181402080346373
247,6872.431244524084,112.6218758238933,-27.41924996251967
248,6834.77682907776,112.62187569389859,-26.79016993456375
249,6739.818428490767,112.62187582060986,-25.649913653910914
250,6605.654465146918,112.62187579987365,-24.740260308482192
251,6481.278614503167,112.62187571524561,-24.436843387695717
252,7348.709788012968,122.86022817411757,-94.16186243363273
253,7346.307138548135,122.86022820387421,-88.99752316648386
254,7342.807008308774,122.86022815051305,-85.37154262142414
255,7331.999604550636,122.86022817202993,-79.35627001770128
256,7309.277339894783,122.860228189524,-70.55585284679394
257,7281.610866708206,122.86022817359925,-62.579686752224774
258,7267.093719355126,122.8602281828648,-59.489842336709586
259,7223.118453339363,122.86022814629254,-52.44960175652207
260,7194.9124449563415,122.86022817412412,-48.54608965748044
261,7185.311791023329,122.86022816941001,-47.490960226587376
262,7158.659891079758,122.860228158502,-45.13889939355545
263,7128.336653985394,122.86022817520903,-42.97532866499337
264,7079.2264882557365,122.86022815951954,-40.0609668659974
265,7024.687148727431,122.86022819255815,-37.51103952039787
266,7007.492791136276,122.86022818682221,-36.82390879306368
267,6991.150156012273,122.86022818834148,-36.30337638369042
268,6955.429724469147,122.86022816626871,-35.48032824178202
269,6897.333527568072,122.86022814003579,-34.48587206933556
270,6863.441031451428,122.8602281377332,-34.09560692797227
271,6663.24048491059,122.86022814553925,-32.70232938863052
272,6583.7671739375055,122.86022816483094,-32.54114832588803
273,7336.027379147263,133.09858054926082,-95.28956789588698
274,7333.4025675552875,133.098580532635,-88.77236482589703
275,7328.957781412342,133.09858054527842,-84.24937693548769
276,7320.2058382044115,133.09858048986268,-79.29812109892937
277,7298.535258084602,133.09858049284105,-70.95631052853645
278,7278.836921414256,133.09858052318123,-65.2548974910333
279,7263.6352312255,133.0985804986002,-62.09742851668372
280,7239.477209710507,133.09858052460933,-58.146460249357446
281,7223.507485071096,133.09858051809223,-56.00531088197336
282,7205.018660260618,133.09858051863407,-54.03082564966965
283,7175.908952830215,133.09858054394792,-51.355488339477546
284,7148.9439492566335,133.09858053547939,-49.34455257383674
285,7129.1981753756945,133.09858054019455,-48.18703195645965
286,7107.956993119185,133.09858052602655,-47.17011695770567
287,7080.379352998814,133.09858053582093,-46.08998714712226
288,7058.117493260322,133.09858052825342,-45.436757299173806
289,7004.274933456843,133.0985805335604,-44.150194624780156
290,6971.395596979709,133.09858047468768,-43.61689369422848
291,6876.56472606096,133.09858053812204,-42.571262179961394
292,6756.154763259216,133.09858051071745,-41.71965953391093
293,6587.062794197543,133.09858055291983,-41.30931510825195
294,7321.835813265268,143.33693289228123,-96.15429143784783
295,7320.280923967308,143.33693286154787,-90.49197984474011
296,7314.095204324083,143.3369328362589,-83.48584367072311
297,7306.349997985386,143.33693286632322,-79.17558683617237
298,7290.624397204098,143.33693285786714,-72.79559018372736
299,7278.395577670408,143.3369328456866,-69.37608806817597
300,7272.504721929849,143.33693287595244,-68.13773896522649
301,7257.214964409404,143.3369328676329,-65.51077014985206
302,7241.537292183546,143.33693285613836,-63.35235948345698
303,7216.724710201243,143.3369328920087,-60.70511697014172
304,7201.978792908858,143.33693287860697,-59.35539416275631
305,7189.461070114926,143.3369328779818,-58.41945548495083
306,7184.155730022062,143.3369328613463,-58.106090053412714
307,7157.3041116882905,143.33693288590297,-56.84552311607014
308,7133.720636226386,143.33693288689216,-55.922489656537394
309,7092.380000268058,143.33693289352445,-54.63270498100259
310,7043.43170081673,143.33693286246697,-53.54589220136462
311,7004.065943045945,143.33693285734054,-52.899446579577585
312,6910.831305289551,143.33693287385046,-51.82287089344588
313,6743.9661086256165,143.33693280899237,-50.72823093944558
314,6578.691005173905,143.33693284698444,-50.42199907108767
315,7306.586126449053,153.5752852484018,-96.08466198829711
316,7304.534577113357,153.5752851290175,-90.87125251457978
317,7298.706344298425,153.5752852134787,-83.98011403685416
318,7292.956794469783,153.5752852213665,-80.52024881335556
319,7286.945395660535,153.57528521834234,-78.2724017947316
320,7274.734768624002,153.57528522643074,-74.9937057868749
321,7263.649374551068,153.57528518938605,-72.66745336524632
322,7261.697425242752,153.57528518606856,-72.32922425111215
323,7256.951213177407,153.57528519536052,-71.7032113009238
324,7252.231152193947,153.57528521143186,-71.18130078232583
325,7241.7783030344135,153.57528522930644,-70.24365187198504
326,7228.181024527151,153.57528522291088,-69.2379440098213
327,7218.346254455408,153.57528523650714,-68.6695554665912
328,7178.571767882801,153.5752852338507,-66.79585244534306
329,7136.770952691833,153.5752852364182,-65.19252108804886
330,7119.467674110556,153.5752852331834,-64.69346531104632
331,7078.700396735318,153.57528523112384,-63.74036557876566
332,6982.43748542515,153.57528521749617,-62.12022149144393
333,6879.356347126375,153.5752852240735,-60.903805690417215
334,6775.350981699912,153.57528524619474,-60.24711183684218
335,6565.372813444413,153.57528520946084,-59.839750445552085
336,7287.663384532296,163.81363757715448,-96.84088752765766
337,7286.486975871767,163.8136375755708,-93.07407556062651
338,7281.60841639576,163.81363758050057,-87.65267183851078
339,7280.261213273957,163.81363757997323,-86.87449578351928
340,7276.744335228725,163.81363752933322,-85.58917553382713
341,7274.084426327518,163.81363758560886,-84.84142318917087
342,7269.087522360585,163.81363755234386,-83.78086941506184
343,7264.677060224254,163.8136375568643,-83.02691811032199
344,7256.659751239994,163.81363755999232,-81.97120645106432
345,7246.585199921042,163.81363756659724,-80.87491195593748
346,7238.596940871499,163.81363752392932,-80.18267483270299
347,7228.069933811511,163.8136375617056,-79.42882782278318
348,7214.565565375867,163.81363756838402,-78.6351239904506
349,7172.468923350496,163.81363756525923,-76.63210653056832
350,7156.6568842247725,163.81363759586722,-76.01241911184721
351,7116.118340179726,163.81363758543253,-74.78577128016958
352,7067.35886088857,163.81363751986174,-73.63192730834358
353,6936.906307918043,163.813637532424,-71.44742471064588
354,6858.256338894909,163.81363758621197,-70.51572263019253
355,6755.996464345906,163.81363757327287,-69.89382375625698
356,6603.910208735901,163.81363757015015,-69.57831167405288
357,7261.410023504985,174.05198993032457,-102.18979723666882
358,7260.502869452949,174.05198992095683,-99.35411018458177
359,7259.942340312401,174.0519899367194,-98.73611274697458
360,7257.137675288886,174.0519898993772,-97.23344614249196
361,7253.959533803724,174.05198987374195,-96.02913765373572
362,7252.394941957177,174.05198993212875,-95.6058424441059
363,7247.399433426256,174.05198995328806,-94.52405100439847
364,7245.303507015315,174.051989944358,-94.18631501237485
365,7235.286177902096,174.05198993766402,-92.83600795148271
366,7232.643794785451,174.0519899285938,-92.55353808839794
367,7224.142620507612,174.0519898911299,-91.79365311719451
368,7208.087349863427,174.05198992740253,-90.6104061066707
369,7178.190393390893,174.05198993710252,-88.85919076991036
370,7154.552322603991,174.051989889568,-87.72098899595626
371,7111.292660899143,174.05198994255767,-86.04502591589214
372,7079.042864228568,174.05198991356517,-85.0603359914049
373,6984.348325757658,174.05198987420275,-82.8998303154683
374,6896.696868965788,174.05198992898553,-81.41351065832148
375,6828.606982876471,174.05198988920992,-80.64352731584816
376,6726.78107030338,174.05198992368273,-79.97914298500505
377,6658.729200775146,174.0519899444178,-79.83121951526726
378,7217.35974005657,184.29034226678434,-111.46836362971982
379,7216.964204386239,184.29034226278358,-109.92956038893138
380,7216.501952434736,184.2903422687926,-109.49672675983284
381,7215.717139695016,184.29034225435726,-109.05053326805165
382,7211.848227405761,184.2903422471141,-107.67388518337397
383,7208.996045461944,184.2903422513407,-106.8817680499063
384,7206.378722597624,184.29034223389684,-106.31590182120874
385,7204.452411837206,184.29034227478041,-105.99713533558932
386,7194.153705138638,184.29034229347357,-104.60584952354006
387,7188.727101481221,184.29034227658735,-104.01952328382498
388,7180.002202816927,184.2903422875984,-103.25893255058651
389,7164.554243975234,184.29034226043774,-102.12701580525687
390,7130.743806407926,184.2903422404522,-100.13414228234251
391,7099.7193214180725,184.29034224049917,-98.62851998290985
392,7032.203140870417,184.29034228638255,-96.03742757307651
393,6984.0138074857905,184.29034226831644,-94.58991976499944
394,6936.640151784936,184.29034225903555,-93.4627803299727
395,6860.99042696718,184.2903422405218,-92.18682940038076
396,6831.41428423257,184.29034225965802,-91.82662141862578
397,6822.953984017323,184.2903422439563,-91.77512812948954
398,6816.967593660583,184.2903422480681,-91.7668382101487
399,7143.887027976454,194.52869457207674,-124.13673646658542
400,7143.733956568984,194.52869463112287,-123.45197211783919
401,7141.459776867556,194.52869460208237,-121.42634192084697
402,7140.704441583503,194.52869461149623,-120.94964472561611
403,7138.585657078797,194.52869461942893,-120.17962493058435
404,7135.333632990604,194.52869464496987,-119.30431293295631
405,7129.567181849481,194.52869462314197,-118.08033626375834
406,7127.766627309029,194.52869457879524,-117.78505636408131
407,7117.77231745723,194.52869458477394,-116.5061872046689
408,7113.675512732025,194.5286946333294,-116.06707968522768
409,7087.051733083214,194.5286946067746,-113.69157276909607
410,7074.140656389323,194.52869459595303,-112.76675110905572
411,7037.404620204503,194.5286946307396,-110.6023105819455
412,7002.297036381575,194.52869459027482,-108.90369122421541
413,6976.105179959065,194.52869461096773,-107.87029764388669
414,6971.875865026029,194.52869461243122,-107.74250509956903
415,6969.549869953633,194.52869462031228,-107.69113635667428
416,6964.80738351496,194.52869462159455,-107.60719320249402
417,6956.310599747387,194.52869460040492,-107.51790063535691
418,6951.401559528362,194.52869462549447,-107.48825052931832
419,6932.44774728673,194.52869462185862,-107.46566411905613
420,6934.45743388729,204.76704700072264,-149.09491725765417
421,6934.457432277383,204.76704695494405,-149.09491725765417
422,6934.457432874891,204.76704696327926,-149.09490703068636
423,6934.457432469069,204.76704693499576,-149.09490703068636
424,6934.457432233735,204.7670469073255,-149.09490703068636
425,6934.457432225379,204.76704690490683,-149.09491715639706
426,6934.457432514863,204.7670469217696,-149.09490703068636
427,6934.457432325742,204.76704694614787,-149.09491725765417
428,6934.457432849838,204.76704696649162,-149.09490703068636
429,6934.457433103986,204.76704693119652,-149.09490703068636
430,6934.457432831263,204.76704694368524,-149.09490703068636
431,6934.457431255596,204.76704690548723,-149.09491715639706
432,6934.457432821913,204.76704694883531,-149.09490703068636
433,6934.457432892914,204.76704692947567,-149.09490703068636
434,6934.457432303298,204.7670469474655,-149.09491725765417
435,6934.457432324189,204.76704694614224,-149.09490713194347
436,6933.952908919154,204.76704697702573,-149.08205760507954
437,6933.952909126984,204.76704697215703,-149.08205750382243
438,6933.571336282805,204.76704695040334,-149.07719716269187
439,6933.0424338779385,204.76704691717956,-149.07494925491898
440,6932.856311301916,204.76704694942188,-149.07483787210143
0,7372.1969269772035,66.49800943409132,-95.50114057044274
1,7364.706054336483,103.03342912012772,-93.51629369839135
2,7345.028086049751,126.14413794346297,-94.78875834579313
3,7293.766010626276,160.85986829118158,-97.06889828094546
4,7273.351254863184,169.94534751404396,-98.66148727177007
5,7253.841198775397,176.3005633810569,-103.75946566877852
6,7236.621995111331,180.41748840133926,-107.88331627011914
7,7206.754232472652,186.23136518744784,-113.48984127275861
8,7184.867273189554,189.56410842420308,-117.97118110253433
9,7153.484258712062,193.48305360154694,-122.79747048062822
10,7125.040956488305,196.40759529711607,-126.28668102627373
11,7092.178355515726,199.16500434240947,-130.4367875954301
12,7046.236287710582,202.3156208804043,-134.89413050344467
13,7040.36670815732,202.62775079038607,-136.62719145351124
14,7033.424894302985,202.92487975894892,-137.53098808787766
15,7011.584964443188,203.66681598225546,-139.97050063384347
16,6996.332391238912,204.09393975909285,-142.30224017809428
17,6979.385546239859,204.41162744422482,-144.59795953171223
18,6965.54796207335,204.61006664669455,-146.48989490762642
19,6946.944074542402,204.74278019349578,-148.22917000634266
20,6859.929932119742,204.76702308262253,-151.20817292477574
21,7372.1969269772035,66.49800943409132,-95.50114057044274
22,7364.706054336477,103.0334291201453,-93.51629369839135
23,7345.02651881966,126.14413796087308,-94.78886264061322
24,7293.7660106274325,160.85986829132497,-97.06893878378824
25,7273.351254863184,169.94534751404396,-98.66148727177007
26,7253.841210443813,176.30056939791268,-103.75958008930932
27,7236.621995111333,180.41748840133926,-107.88331627011914
28,7206.754255762621,186.23136518744795,-113.48931777351602
29,7184.867273189554,189.56410842420308,-117.97118110253433
30,7153.842343811623,193.44277262064014,-122.78017981705626
31,7125.040956488305,196.40759529711607,-126.28668102627373
32,7092.178366927254,199.16499959597223,-130.43670760231566
33,7046.236248827264,202.31561944382958,-134.89450110445588
34,7040.371425683235,202.62735112727884,-136.65264242732727
35,7033.30899754876,202.92944839917158,-137.56212869852962
36,7006.937989470255,203.79399261581813,-142.2825973119293
37,6996.396196164765,204.0925031059787,-142.28260237478466
38,6992.359357205896,204.17050683509348,-142.28260642506893
39,6984.504239305456,204.2688166358402,-142.2825973119293
40,6972.1952979713315,204.36133125526965,-142.2825973119293
41,6954.924912926518,204.40233556961928,-142.2825962993582
42,7372.1969269772035,66.49800943409132,-95.50114057044274
43,7364.706054336483,103.03342912012772,-93.51629369839135
44,7345.028086049751,126.14413794346297,-94.78875834579313
45,7293.7660106274325,160.85986829132497,-97.06893878378824
46,7273.351254863184,169.94534751404396,-98.66148727177007
47,7253.841198775398,176.3005633810569,-103.75946566877852
48,7237.923808473037,180.13788172566004,-107.75413346572392
49,7206.754255762626,186.23136518744937,-113.48931777351602
50,7184.867273189554,189.56410842420308,-117.97118110253433
51,7153.484258712062,193.48305360154694,-122.79747048062822
52,7125.1975358517575,196.39321120237125,-126.25284191372322
53,7092.178367033933,199.16499959597223,-130.43672785373704
54,7048.091748237618,202.16578935340291,-133.35703547004942
55,7046.699971620618,202.23964339242912,-133.35703547004942
56,7037.960541941863,202.61986297131847,-133.3570334449073
57,7033.571975362651,202.76782359798298,-133.35703344490727
58,7026.571638778807,202.94909571539534,-133.35703445747833
59,7022.897914791502,203.0209476880693,-133.35703445747833
60,7013.852478648155,203.14553828848594,-133.35703141976518
61,6997.372960322792,203.26312295136543,-133.3570263569098
62,6984.533387088685,203.28845634975917,-133.35703547004942
63,7372.1969269772035,66.49800943409132,-95.50114057044274
64,7364.706054336483,103.03342912012772,-93.51629369839135
65,7345.028086049747,126.14413794351339,-94.78875834579313
66,7293.7660106274325,160.85986829132497,-97.06893878378824
67,7273.351254863184,169.94534751404396,-98.66148727177007
68,7253.841752508178,176.3005633810569,-103.73695418877541
69,7236.621964830417,180.4174844121772,-107.88318159816696
70,7206.7542329604275,186.23136464429138,-113.48984026018755
71,7184.867273189554,189.56410842420308,-117.97118110253433
72,7143.555772672854,194.56055320436454,-124.43145641446138
73,7132.365656760998,195.6645312804343,-124.43146451502994
74,7119.11816737502,196.75671741807233,-124.43145641446138
75,7101.813108845684,197.8995097077468,-124.43146248988779
76,7069.715373414929,199.68705158022706,-124.4314594521746
77,7047.096675803864,200.74978588896016,-124.43145843960352
78,7040.046202237412,201.00996154154365,-124.43146451502993
79,7037.1556263459515,201.0918715962566,-124.4314564144614
80,7028.556718437421,201.25033605081694,-124.43146350245885
81,7019.167630982362,201.3687029835399,-124.43146451502994
82,7012.07769684685,201.40979680471264,-124.43145945217458
83,6997.386166498246,201.4405277262518,-124.43146350245888
84,7372.1969269772035,66.49800943409132,-95.50114057044274
85,7364.706054336483,103.03342912012772,-93.51629369839135
86,7345.028086049747,126.14413794351339,-94.78875834579313
87,7293.766010626276,160.85986829118158,-97.06889828094546
88,7273.351254863184,169.94534751404396,-98.66148727177007
89,7253.841210443813,176.30056939791268,-103.75958008930932
90,7236.621964830414,180.4174844121787,-107.88318159816696
91,7202.861185151064,186.8406723076805,-115.50589052229722
92,7192.853060033057,188.3751627504034,-115.50589356001043
93,7184.395388815942,189.44069978243323,-115.5058915348683
94,7179.0324701296295,189.99441726482914,-115.50589153486828
95,7161.395203384029,191.43267828047556,-115.50589052229722
96,7138.5444554455025,192.98169078404956,-115.50589052229722
97,7122.971828037399,193.83262250707227,-115.50589457258148
98,7070.45301755587,196.09752161007054,-115.5058915348683
99,7020.404040506986,197.890297963877,-115.5058884971551
100,7017.124696047307,197.98046717082687,-115.50588748458401
101,7009.168296010382,198.13102500001835,-115.50588849715508
102,6997.641614041733,198.2779956646914,-115.50589254743937
103,6985.162646664559,198.37898700212466,-115.50588647201295
104,6977.04589818841,198.40604871620653,-115.50588748458401
105,7372.1969269772035,66.49800943409132,-95.50114057044274
106,7364.706054336483,103.03342912012772,-93.51629369839135
107,7345.028086049747,126.14413794351339,-94.78875834579313
108,7293.7660106274325,160.85986829132497,-97.06893878378824
109,7273.351254863184,169.94534751404396,-98.66148727177007
110,7252.064440626602,176.7290896748869,-106.58031855470665
111,7236.659969381119,180.408559633623,-106.58032361756199
112,7233.200734455705,181.09743019023406,-106.58032159241986
113,7227.043495084373,182.03526312620838,-106.58031956727771
114,7215.241879871969,183.51156299457858,-106.58032463013306
115,7207.67038294755,184.2917352800054,-106.580323617562
116,7202.968664416035,184.69364976844042,-106.58032260499095
117,7182.226336712527,186.09866245843133,-106.58031754213559
118,7163.585669202931,187.12020315588964,-106.58032361756199
119,7117.735204567598,189.16854426168072,-106.5803165295645
120,7032.5571805541285,192.05804337238555,-106.58031855470665
121,6975.149045102786,193.70543537163664,-106.58031652956451
122,6965.688322974364,193.8893826010597,-106.58031551699344
123,6959.259998701877,193.97584897059383,-106.58032260499093
124,6952.66584022699,194.02134553330075,-106.58032463013308
125,6931.006446662529,194.05409150141074,-106.58031855470664
126,7372.1969269772035,66.49800943409132,-95.50114057044274
127,7364.706054336483,103.03342912012772,-93.51629369839135
128,7343.1850163543895,127.21565330026962,-97.65474658711607
129,7294.4521990129115,160.47528746275088,-97.6547496248293
130,7275.54544465755,169.11141359809002,-97.65475367511358
131,7265.0735960813345,172.48375971441874,-97.65475367511357
132,7262.03255389558,173.23173840594788,-97.6547496248293
133,7254.2687873823725,174.72897523924382,-97.65474557454499
134,7247.79146490042,175.72657971198723,-97.65474658711607
135,7241.191299310777,176.55514904342644,-97.65474658711608
136,7237.222043396612,176.95813911689004,-97.65475063740035
137,7221.444158373146,178.27966925401017,-97.6547536751136
138,7214.649656865865,178.73215494099549,-97.65475164997144
139,7188.0957817335475,180.14359606688964,-97.65475063740037
140,7154.7092787362735,181.6034063258947,-97.65474557454503
141,7092.705780980664,183.78481697096004,-97.6547526625425
142,6987.928452957586,186.66363096718115,-97.6547496248293
143,6905.672672594725,188.30590867097524,-97.65474861225822
144,6893.9785102916185,188.46220163839206,-97.6547465871161
145,6887.407957772974,188.51755514826104,-97.65474861225823
146,6869.291185279768,188.546576588084,-97.65475266254248
147,7370.48969857528,72.37485217135276,-88.72918373266515
148,7363.356857513941,102.20663258381155,-88.7291756320966
149,7344.285485205833,124.4981287995846,-88.72917664466766
150,7295.591065104764,157.79304823467436,-88.7291847452362
151,7281.074126929418,164.54961769256514,-88.72917664466766
152,7277.795826876331,165.55138330558069,-88.72918474523622
153,7272.856130640091,166.71621504634174,-88.72917664466765
154,7269.050398377884,167.45785274128332,-88.72917765723872
155,7264.36247829109,168.15787085184857,-88.729181707523
156,7257.520298499016,169.01580008955384,-88.729181707523
157,7245.221498726513,170.29432589509972,-88.72917968238086
158,7237.2718247108905,170.94435732863573,-88.72918474523618
159,7225.571084397584,171.6996421742659,-88.72917968238087
160,7217.203047729774,172.1606918881565,-88.72918069495192
161,7168.4498746629915,174.34134301477283,-88.72917664466765
162,7118.94982586197,176.0385033719626,-88.72917968238083
163,7032.966579015729,178.28170568338896,-88.72918069495194
164,6929.158320533304,180.25950385641084,-88.7291786698098
165,6825.8485488052465,181.63336336895082,-88.72918272009407
166,6798.2944733478525,181.83975446906302,-88.72918069495194
167,6788.406417062414,181.85562786623888,-88.72918474523621
168,7358.579398448759,69.7366097767649,-79.80361480278776
169,7351.204583191013,102.05933255426453,-79.80360973993245
170,7322.312777010829,132.27383485890968,-79.80361075250352
171,7292.966296544817,152.67959208492832,-79.80361075250347
172,7285.530620032838,156.06858600890098,-79.80361480278779
173,7278.455961184137,158.40467614095584,-79.80360670221921
174,7274.23532667,159.44514490652165,-79.80360973993243
175,7270.420968260178,160.19569207191003,-79.80360670221923
176,7267.346858015911,160.6447363255437,-79.80360872736138
177,7261.407116667224,161.39522580058306,-79.80360872736136
178,7251.751337733109,162.42138685780807,-79.80360973993245
179,7241.790474753492,163.233241768705,-79.80361277764564
180,7228.604491071011,164.11854552455057,-79.8036107525035
181,7216.867901154008,164.7701370371034,-79.80360670221921
182,7183.654491037379,166.22690256134322,-79.80361379021669
183,7138.817557641679,167.87250370097235,-79.80360973993244
184,7101.399696497097,168.85380979903644,-79.8036137902167
185,6972.355537260875,171.39523644041466,-79.80360872736135
186,6853.53029475539,173.02207944320642,-79.8036077147903
187,6739.86718857568,173.82075784943083,-79.80360872736135
188,6658.087266310491,174.02596584932454,-79.80360872736135
189,7334.987149776644,68.40097294825192,-70.87803675977075
190,7327.668188805505,102.7322793903724,-70.87804182262614
191,7299.275452712326,132.2892942401602,-70.87804486033934
192,7285.705894509522,142.532876762931,-70.87804384776828
193,7273.286127546541,147.88768564995303,-70.87804283519719
194,7262.6296651348775,151.13410309779562,-70.87804384776827
195,7258.15459172861,152.2862888798564,-70.87804182262616
196,7257.309035466798,152.44423637078654,-70.87803777234186
197,7252.9286434832,153.11606682902033,-70.878039797484
198,7249.711691169616,153.49779597479247,-70.87803979748399
199,7244.818290013265,154.0184651088161,-70.8780367597708
200,7232.0416688044925,155.09506259965133,-70.87803675977078
201,7222.560944649692,155.72179856091978,-70.87804283519718
202,7206.408875066824,156.57585520825444,-70.87804384776827
203,7157.982869516332,158.70187830165045,-70.87803574719972
204,7135.130692317581,159.48521560344045,-70.8780367597708
205,7100.865026071018,160.39092491248692,-70.87804384776827
206,6997.609161928154,162.31214672863555,-70.87804182262614
207,6869.602722243637,164.06983554543052,-70.87804081005507
208,6761.417193705748,164.80020555257445,-70.87804486033933
209,6598.12425711104,165.15593694244615,-70.8780428351972
210,7301.957691773275,67.74384896335131,-61.95246479218022
211,7292.9519359792375,105.62260530303381,-61.95246479218018
212,7279.638462305327,122.21423891496701,-61.9524718801777
213,7262.660775015902,133.19008760874956,-61.952469855035545
214,7249.063156553777,138.64755531171582,-61.95246681732236
215,7247.334651744464,139.18299690508718,-61.952470867606635
216,7238.3457489954035,141.4433644844804,-61.952468842464484
217,7221.060129028762,144.7481537159804,-61.95246985503559
218,7216.645055248902,145.4084846022077,-61.95246479218022
219,7209.356324727727,146.29672626037433,-61.952464792180194
220,7205.83936519987,146.6615896344035,-61.952469855035545
221,7203.678420949377,146.84312656483885,-61.95247289274877
222,7194.838921452672,147.42375053088082,-61.95246479218021
223,7177.906381448516,148.3477675611889,-61.95247188017768
224,7153.402979964365,149.43034486519383,-61.9524658047513
225,7119.414133294707,150.66930443467535,-61.95247491789091
226,7081.183527325514,151.6392595425585,-61.95246782989342
227,7007.755254479194,152.99991574349542,-61.95246681732236
228,6881.396124471913,154.6822594543673,-61.952473905319835
229,6800.322571708247,155.28608424605443,-61.9524688424645
230,6556.279972725481,155.82781588729137,-61.95246580475127
231,7262.699696022807,53.319036613164805,-53.02690193772928
232,7255.096087926955,99.1970138061104,-53.026897887445
233,7245.163204634079,111.33654210782036,-53.02689687487393
234,7222.696419747127,125.17335312122306,-53.02690295030034
235,7216.9899319003,127.695216096951,-53.0269039628714
236,7210.554207734428,129.736671880841,-53.026902950300325
237,7204.9205259660985,131.06887090991214,-53.0269039628714
238,7185.071876520949,134.82696938815965,-53.026898900016064
239,7178.086396238484,135.90596562065474,-53.026894849731804
240,7162.774609717904,137.83120910743344,-53.02689687487393
241,7161.059276309487,137.99481869946976,-53.02689687487394
242,7155.0974049371125,138.49852249607127,-53.02689890001608
243,7146.4200984844165,139.11000206598334,-53.026898900016036
244,7134.618147453748,139.74857571631856,-53.026898900016064
245,7102.631084091532,141.12703744555523,-53.02689890001605
246,7087.649594648958,141.622026445338,-53.026898900016064
247,7050.7289017141065,142.59803638643152,-53.02689890001608
248,7010.640957531023,143.37275008126787,-53.02689890001608
249,6917.8439466522905,144.59281138631508,-53.02689890001605
250,6743.236023545195,145.87795914623328,-53.02689890001605
251,6579.5071775643755,146.19129046899315,-53.02689890001605
252,7215.331541936857,46.52749975397542,-44.101327944996555
253,7207.593971805174,89.04925753695164,-44.101327944996555
254,7195.651503259311,102.20355510743518,-44.101327944996584
255,7176.7806155290145,114.8382141245096,-44.101327944996584
256,7172.619306641223,116.73943709226042,-44.10132794499657
257,7167.311649545372,118.27880966213742,-44.10133807070726
258,7157.913967415374,120.4877690664525,-44.10133807070724
259,7149.766997648329,122.03957137932541,-44.101327944996584
260,7123.0654281432535,126.05223249895369,-44.10132794499657
261,7116.908728643982,126.81846163417755,-44.101327944996584
262,7091.245899364678,129.4005931312776,-44.101327944996555
263,7085.575350375148,129.8519091206497,-44.10132794499657
264,7078.32549775393,130.3625736171337,-44.10132794499657
265,7071.623322412153,130.73850023870224,-44.101327944996555
266,7060.252384837051,131.2468645069687,-44.10133807070726
267,7024.182045543589,132.4907926280527,-44.10132794499657
268,7002.332345233503,133.0840367904919,-44.10132794499657
269,6968.104938555098,133.73687222850765,-44.101327944996555
270,6877.57501303656,134.87419222980122,-44.101327944996555
271,6749.980195292829,135.86968571519054,-44.101327944996555
272,6597.054495969053,136.26993744495064,-44.10133807070724
273,7154.873227339577,37.4367958897726,-35.175756989977074
274,7148.646089736085,73.25361136285284,-35.17575698997706
275,7130.296686676651,93.07856564105386,-35.17575698997706
276,7114.335725241399,104.15449688570038,-35.17575698997706
277,7110.147252735119,105.95827127801826,-35.17575698997706
278,7107.622926718203,106.74016773039793,-35.175756989977046
279,7106.601092719223,107.0014039252482,-35.175756989977074
280,7092.639275925094,109.6864328881934,-35.17575698997703
281,7074.200019454646,112.46981630677362,-35.17575698997709
282,7041.5594507466485,116.46670191627591,-35.17576711568775
283,7026.49970407156,117.98212840013865,-35.17576711568776
284,7003.460575921851,119.9573089839635,-35.175756989977046
285,6983.94332439936,121.2841515108183,-35.17575698997706
286,6979.275589925088,121.5536608277851,-35.175767115687776
287,6974.315937517648,121.7765514213285,-35.17576711568776
288,6956.356921992215,122.40198328970007,-35.17575698997706
289,6929.918707380147,123.09541333554496,-35.175756989977046
290,6891.279431339994,123.90394182784826,-35.17575698997706
291,6832.7866669315645,124.57725050251604,-35.17576711568772
292,6671.782524257832,125.82998709393698,-35.17575698997706
293,6583.645789830441,125.98390391799373,-35.17575698997706
294,7083.925506820365,37.44312037294152,-26.25018603495758
295,7080.342493844775,56.183122139470896,-26.250196160668224
296,7065.3838693040125,73.40693565470566,-26.25018603495755
297,7041.225074419561,90.76314754708228,-26.250186034957565
298,7037.52286412877,92.44852538707441,-26.25018603495758
299,7036.718071541689,92.69503743509505,-26.250196160668253
300,7033.140197489043,93.55139383066386,-26.25018603495755
301,7017.925424737588,96.3515813561123,-26.25018603495755
302,6989.2222504117535,100.7662475436547,-26.250196160668253
303,6967.812268617972,103.43437233652377,-26.25018603495758
304,6941.516934924866,106.14614967518814,-26.25018603495755
305,6927.157816831307,107.34631029743773,-26.25018603495758
306,6910.738083541723,108.47579233906418,-26.25018603495758
307,6888.25209867558,109.69711642901814,-26.25018603495755
308,6861.898101892104,110.9144453112461,-26.25018603495758
309,6850.64885592245,111.29430034858792,-26.25019616066828
310,6827.26994650227,111.93138125288174,-26.25018603495758
311,6754.100143928765,113.2975496291903,-26.25018603495755
312,6685.86706408661,114.10146489616953,-26.250186034957522
313,6588.555994258179,114.78837435959528,-26.25018603495755
314,6494.5464652837,115.01782291651685,-26.25018603495755
315,7005.598393331868,31.962999001026006,-17.32461507993807
316,7004.069829576071,39.87975735017145,-17.32461507993807
317,6996.004674899804,47.820354496662475,-17.324625205648744
318,6955.378093531486,73.60895060471967,-17.32461507993807
319,6942.68171625734,79.86359421615683,-17.32461507993804
320,6941.972083220614,80.10578246178513,-17.32461507993804
321,6939.8707724474425,80.6256444362245,-17.324625205648744
322,6927.077287576038,83.05662472232845,-17.324625205648772
323,6912.714611742995,85.2112478102137,-17.32461507993804
324,6885.318713226056,88.62783016975423,-17.32461507993804
325,6864.488943644748,90.75023299177744,-17.32461507993807
326,6820.330518421362,94.3975691538883,-17.32461507993804
327,6801.516912058585,95.64426763421065,-17.324625205648744
328,6769.207803053337,97.37395299112323,-17.32461507993804
329,6735.754819673355,98.92910015261495,-17.32461507993807
330,6689.818449780976,100.49685352237051,-17.32461507993807
331,6679.628635782869,100.7600487409493,-17.324625205648744
332,6658.437719953301,101.15598280854198,-17.32461507993804
333,6582.5659868289,102.15407931813569,-17.32461507993804
334,6495.812468193221,102.76473470093954,-17.32461507993807
335,6390.68042211615,102.99947470553698,-17.324625205648715
336,6905.469175042651,12.101085702105333,-8.39904412491856
337,6902.358577120608,21.9560279883601,-8.399054250629234
338,6897.7206219111795,27.138007470255147,-8.399044124918532
339,6874.1441128266015,41.21466478981357,-8.39904412491856
340,6824.013616942487,63.02019113396978,-8.399054250629263
341,6818.904959804763,64.58731256058314,-8.399044124918532
342,6814.75606735094,65.62329162635524,-8.399054250629263
343,6796.692263683195,69.0118317732717,-8.39904412491856
344,6788.532300536427,70.23837775240861,-8.39904412491859
345,6768.237687685332,72.8289528728416,-8.399054250629263
346,6743.804486755827,75.35241827536797,-8.399054250629234
347,6704.971204003889,78.49518595175157,-8.399054250629234
348,6665.9464239138215,81.245893989941,-8.399054250629234
349,6626.597600149278,83.43355281907108,-8.399044124918532
350,6564.857243891353,85.99321480176084,-8.39904412491856
351,6537.343553127172,86.96746978035989,-8.39904412491856
352,6468.284956971945,88.84653202293093,-8.399054250629263
353,6439.124643354879,89.43634243712872,-8.39904412491859
354,6417.325911400056,89.72880047268625,-8.399054250629263
355,6363.854936624988,90.09549866531438,-8.39904412491856
356,6327.393127751678,90.18506002179775,-8.399044124918532
357,6753.0080258979215,8.906282486221434,0.526516704390275
358,6752.635625272961,11.209660870021063,0.526516704390275
359,6751.4112946683,12.683700632127241,0.5265268301009769
360,6743.680253632011,17.43619274269122,0.5265167043902181
361,6687.125034454737,40.646392497871425,0.5265268301009485
362,6658.721326066632,50.364693897940136,0.5265167043902466
363,6657.735473690837,50.60073849377221,0.52652683010092
364,6657.264795357951,50.698157477852305,0.526516704390275
365,6639.01526490666,53.2613520847471,0.5265268301009485
366,6595.958707608656,58.6223822754637,0.5265167043902181
367,6578.339162661876,60.38006542299116,0.5265268301009485
368,6560.579619641146,61.8911527346025,0.5265167043902181
369,6521.141907608888,64.5558778886606,0.5265167043902181
370,6480.169501430939,66.70248109477416,0.5265268301009769
371,6432.115459804086,68.70212634935524,0.526516704390275
372,6356.916089527682,71.22344470068626,0.5265167043902466
373,6308.389417513192,72.45713887003001,0.5265268301009769
374,6244.999751323588,73.73640515117545,0.5265268301009769
375,6218.534174252003,74.06891208189205,0.5265167043902466
376,6190.570664913195,74.30778979388919,0.52652683010092
377,6139.651667113576,74.42894622370082,0.5265268301009769
378,6537.290524119786,0.5914202534891776,9.452097785120458
379,6536.230552843597,2.7643371457216337,9.45209778512043
380,6533.23804253411,5.838294898794946,9.45209778512043
381,6531.87957101811,6.8059552071134055,9.452087659409784
382,6525.035800563785,9.792236036353824,9.452087659409756
383,6489.449056405216,21.032620656898377,9.452087659409756
384,6438.920571000506,34.07583627450346,9.452087659409784
385,6429.0992530896565,35.950472203186685,9.452097785120458
386,6425.479789354537,36.48188751657224,9.452087659409784
387,6392.631936892112,40.57667979766034,9.452087659409756
388,6379.228595407987,42.00114418731718,9.452087659409756
389,6358.26722665615,43.72236044624601,9.452087659409756
390,6322.806472295506,46.10306605466648,9.452087659409756
391,6308.314955336275,46.870448770333994,9.452087659409756
392,6261.000526043019,48.9899333249406,9.452097785120458
393,6228.065459994852,50.13497187498349,9.452097785120458
394,6160.970555522768,51.867894408953234,9.452087659409727
395,6047.086874971575,54.06890844265221,9.45209778512043
396,5913.410688131645,55.895356582738856,9.452087659409727
397,5858.17523669932,56.33326649445572,9.452097785120458
398,5824.714496370463,56.425489049653336,9.452087659409756
399,6196.7947404759325,0.0,18.377658614429237
400,6196.7947404759325,0.0,18.377658614429237
401,6196.7947404759325,1.0631009175417834e-16,18.377658614429237
402,6196.7947404759325,1.1600796752173399e-16,18.377658614429237
403,6196.7947404759325,0.0,18.377658614429237
404,6188.329648120443,2.495640354268961,18.377658614429237
405,6188.329648120443,2.495640354268961,18.377658614429237
406,6173.631807252249,5.266518433214341,18.377658614429265
407,6166.180454723231,6.43387243686244,18.377658614429265
408,6103.261361060031,14.076619287331473,18.377668740139967
409,6068.727334083862,17.81480371018125,18.377658614429265
410,6050.068536133292,19.31513824528299,18.377658614429265
411,5983.437036007129,24.00950711812588,18.37766874013994
412,5924.497718331585,27.096499136067898,18.37766874013994
413,5839.883929345802,30.96406207992413,18.377658614429265
414,5784.137591823116,32.99319819624539,18.37766874013994
415,5752.699497755372,33.89892640553516,18.377658614429265
416,5721.195235810896,34.50498841889852,18.377658614429237
417,5707.763816495222,34.67592002749607,18.377658614429237
418,5657.905813697256,35.019364335422274,18.37766874013991
419,5620.094505786959,35.0877990061975,18.377658614429265
420,5190.52563556418,0.0,27.303239695159476
421,5190.5256355708825,0.0,27.303239695159476
422,5190.525635566236,-8.93174516430227e-25,27.303239695159476
423,5190.525635564596,0.0,27.303239695159476
424,5190.525635567618,-1.9781038447694152e-24,27.303239695159476
425,5190.525635973964,-1.5009047396880986e-10,27.303239695159476
